stock_code,is_success
000001.XSHE,False
000002.XSHE,False
000004.XSHE,False
000005.XSHE,False
000006.XSHE,False
000007.XSHE,False
000008.XSHE,False
000009.XSHE,False
000010.XSHE,False
000011.XSHE,False
000012.XSHE,False
000014.XSHE,False
000016.XSHE,False
000017.XSHE,False
000018.XSHE,False
000019.XSHE,False
000020.XSHE,False
000021.XSHE,False
000022.XSHE,False
000023.XSHE,False
000024.XSHE,False
000025.XSHE,False
000026.XSHE,False
000027.XSHE,False
000028.XSHE,False
000029.XSHE,False
000030.XSHE,False
000031.XSHE,False
000032.XSHE,False
000033.XSHE,False
000034.XSHE,False
000035.XSHE,False
000036.XSHE,False
000037.XSHE,False
000038.XSHE,False
000039.XSHE,False
000040.XSHE,False
000042.XSHE,False
000043.XSHE,False
000045.XSHE,False
000046.XSHE,False
000048.XSHE,False
000049.XSHE,False
000050.XSHE,False
000055.XSHE,False
000056.XSHE,False
000058.XSHE,False
000059.XSHE,False
000060.XSHE,False
000061.XSHE,False
000062.XSHE,False
000063.XSHE,False
000065.XSHE,False
000066.XSHE,False
000068.XSHE,False
000069.XSHE,False
000070.XSHE,False
000078.XSHE,False
000088.XSHE,False
000089.XSHE,False
000090.XSHE,False
000096.XSHE,False
000099.XSHE,False
000100.XSHE,False
000150.XSHE,False
000151.XSHE,False
000153.XSHE,False
000155.XSHE,False
000156.XSHE,False
000157.XSHE,False
000158.XSHE,False
000159.XSHE,False
000166.XSHE,False
000301.XSHE,False
000333.XSHE,False
000338.XSHE,False
000400.XSHE,False
000401.XSHE,False
000402.XSHE,False
000403.XSHE,False
000404.XSHE,False
000406.XSHE,False
000407.XSHE,False
000408.XSHE,False
000409.XSHE,False
000410.XSHE,False
000411.XSHE,False
000413.XSHE,False
000415.XSHE,False
000416.XSHE,False
000417.XSHE,False
000418.XSHE,False
000419.XSHE,False
000420.XSHE,False
000421.XSHE,False
000422.XSHE,False
000423.XSHE,False
000425.XSHE,False
000426.XSHE,False
000428.XSHE,False
000429.XSHE,False
000430.XSHE,False
000488.XSHE,False
000498.XSHE,False
000501.XSHE,False
000502.XSHE,False
000503.XSHE,False
000504.XSHE,False
000505.XSHE,False
000506.XSHE,False
000507.XSHE,False
000509.XSHE,False
000510.XSHE,False
000511.XSHE,False
000513.XSHE,False
000514.XSHE,False
000515.XSHE,False
000516.XSHE,False
000517.XSHE,False
000518.XSHE,False
000519.XSHE,False
000520.XSHE,False
000521.XSHE,False
000522.XSHE,False
000523.XSHE,False
000524.XSHE,False
000525.XSHE,False
000526.XSHE,False
000527.XSHE,False
000528.XSHE,False
000529.XSHE,False
000530.XSHE,False
000531.XSHE,False
000532.XSHE,False
000533.XSHE,False
000534.XSHE,False
000535.XSHE,False
000536.XSHE,False
000537.XSHE,False
000538.XSHE,False
000539.XSHE,False
000540.XSHE,False
000541.XSHE,False
000543.XSHE,False
000544.XSHE,False
000545.XSHE,False
000546.XSHE,False
000547.XSHE,False
000548.XSHE,False
000549.XSHE,False
000550.XSHE,False
000551.XSHE,False
000552.XSHE,False
000553.XSHE,False
000554.XSHE,False
000555.XSHE,False
000557.XSHE,False
000558.XSHE,False
000559.XSHE,False
000560.XSHE,False
000561.XSHE,False
000562.XSHE,False
000563.XSHE,False
000564.XSHE,False
000565.XSHE,False
000566.XSHE,False
000567.XSHE,False
000568.XSHE,False
000569.XSHE,False
000570.XSHE,False
000571.XSHE,False
000572.XSHE,False
000573.XSHE,False
000576.XSHE,False
000578.XSHE,False
000581.XSHE,False
000582.XSHE,False
000583.XSHE,False
000584.XSHE,False
000585.XSHE,False
000586.XSHE,False
000587.XSHE,False
000589.XSHE,False
000590.XSHE,False
000591.XSHE,False
000592.XSHE,False
000593.XSHE,False
000594.XSHE,False
000595.XSHE,False
000596.XSHE,False
000597.XSHE,False
000598.XSHE,False
000599.XSHE,False
000600.XSHE,False
000601.XSHE,False
000602.XSHE,False
000603.XSHE,False
000605.XSHE,False
000606.XSHE,False
000607.XSHE,False
000608.XSHE,False
000609.XSHE,False
000610.XSHE,False
000611.XSHE,False
000612.XSHE,False
000613.XSHE,False
000615.XSHE,False
000616.XSHE,False
000617.XSHE,False
000618.XSHE,False
000619.XSHE,False
000620.XSHE,False
000622.XSHE,False
000623.XSHE,False
000625.XSHE,False
000626.XSHE,False
000627.XSHE,False
000628.XSHE,False
000629.XSHE,False
000630.XSHE,False
000631.XSHE,False
000632.XSHE,False
000633.XSHE,False
000635.XSHE,False
000636.XSHE,False
000637.XSHE,False
000638.XSHE,False
000639.XSHE,False
000650.XSHE,False
000651.XSHE,False
000652.XSHE,False
000655.XSHE,False
000656.XSHE,False
000657.XSHE,False
000659.XSHE,False
000661.XSHE,False
000662.XSHE,False
000663.XSHE,False
000665.XSHE,False
000666.XSHE,False
000667.XSHE,False
000668.XSHE,False
000669.XSHE,False
000670.XSHE,False
000671.XSHE,False
000672.XSHE,False
000673.XSHE,False
000676.XSHE,False
000677.XSHE,False
000678.XSHE,False
000679.XSHE,False
000680.XSHE,False
000681.XSHE,False
000682.XSHE,False
000683.XSHE,False
000685.XSHE,False
000686.XSHE,False
000687.XSHE,False
000688.XSHE,False
000690.XSHE,False
000691.XSHE,False
000692.XSHE,False
000693.XSHE,False
000695.XSHE,False
000697.XSHE,False
000698.XSHE,False
000699.XSHE,False
000700.XSHE,False
000701.XSHE,False
000702.XSHE,False
000703.XSHE,False
000705.XSHE,False
000707.XSHE,False
000708.XSHE,False
000709.XSHE,False
000710.XSHE,False
000711.XSHE,False
000712.XSHE,False
000713.XSHE,False
000715.XSHE,False
000716.XSHE,False
000717.XSHE,False
000718.XSHE,False
000719.XSHE,False
000720.XSHE,False
000721.XSHE,False
000722.XSHE,False
000723.XSHE,False
000725.XSHE,False
000726.XSHE,False
000727.XSHE,False
000728.XSHE,False
000729.XSHE,False
000731.XSHE,False
000732.XSHE,False
000733.XSHE,False
000735.XSHE,False
000736.XSHE,False
000737.XSHE,False
000738.XSHE,False
000739.XSHE,False
000748.XSHE,False
000750.XSHE,False
000751.XSHE,False
000752.XSHE,False
000753.XSHE,False
000755.XSHE,False
000756.XSHE,False
000757.XSHE,False
000758.XSHE,False
000759.XSHE,False
000760.XSHE,False
000761.XSHE,False
000762.XSHE,False
000763.XSHE,False
000765.XSHE,False
000766.XSHE,False
000767.XSHE,False
000768.XSHE,False
000769.XSHE,False
000776.XSHE,False
000777.XSHE,False
000778.XSHE,False
000779.XSHE,False
000780.XSHE,False
000782.XSHE,False
000783.XSHE,False
000785.XSHE,False
000786.XSHE,False
000787.XSHE,False
000788.XSHE,False
000789.XSHE,False
000790.XSHE,False
000791.XSHE,False
000792.XSHE,False
000793.XSHE,False
000795.XSHE,False
000796.XSHE,False
000797.XSHE,False
000798.XSHE,False
000799.XSHE,False
000800.XSHE,False
000801.XSHE,False
000802.XSHE,False
000803.XSHE,False
000805.XSHE,False
000806.XSHE,False
000807.XSHE,False
000809.XSHE,False
000810.XSHE,False
000811.XSHE,False
000812.XSHE,False
000813.XSHE,False
000815.XSHE,False
000816.XSHE,False
000817.XSHE,False
000818.XSHE,False
000819.XSHE,False
000820.XSHE,False
000821.XSHE,False
000822.XSHE,False
000823.XSHE,False
000825.XSHE,False
000826.XSHE,False
000827.XSHE,False
000828.XSHE,False
000829.XSHE,False
000830.XSHE,False
000831.XSHE,False
000832.XSHE,False
000833.XSHE,False
000835.XSHE,False
000836.XSHE,False
000837.XSHE,False
000838.XSHE,False
000839.XSHE,False
000848.XSHE,False
000850.XSHE,False
000851.XSHE,False
000852.XSHE,False
000856.XSHE,False
000858.XSHE,False
000859.XSHE,False
000860.XSHE,False
000861.XSHE,False
000862.XSHE,False
000863.XSHE,False
000866.XSHE,False
000868.XSHE,False
000869.XSHE,False
000875.XSHE,False
000876.XSHE,False
000877.XSHE,False
000878.XSHE,False
000880.XSHE,False
000881.XSHE,False
000882.XSHE,False
000883.XSHE,False
000885.XSHE,False
000886.XSHE,False
000887.XSHE,False
000888.XSHE,False
000889.XSHE,False
000890.XSHE,False
000892.XSHE,False
000893.XSHE,False
000895.XSHE,False
000897.XSHE,False
000898.XSHE,False
000899.XSHE,False
000900.XSHE,False
000901.XSHE,False
000902.XSHE,False
000903.XSHE,False
000905.XSHE,False
000906.XSHE,False
000908.XSHE,False
000909.XSHE,False
000910.XSHE,False
000911.XSHE,False
000912.XSHE,False
000913.XSHE,False
000915.XSHE,False
000916.XSHE,False
000917.XSHE,False
000918.XSHE,False
000919.XSHE,False
000920.XSHE,False
000921.XSHE,False
000922.XSHE,False
000923.XSHE,False
000925.XSHE,False
000926.XSHE,False
000927.XSHE,False
000928.XSHE,False
000929.XSHE,False
000930.XSHE,False
000931.XSHE,False
000932.XSHE,False
000933.XSHE,False
000935.XSHE,False
000936.XSHE,False
000937.XSHE,False
000938.XSHE,False
000939.XSHE,False
000948.XSHE,False
000949.XSHE,False
000950.XSHE,False
000951.XSHE,False
000952.XSHE,False
000953.XSHE,False
000955.XSHE,False
000956.XSHE,False
000957.XSHE,False
000958.XSHE,False
000959.XSHE,False
000960.XSHE,False
000961.XSHE,False
000962.XSHE,False
000963.XSHE,False
000965.XSHE,False
000966.XSHE,False
000967.XSHE,False
000968.XSHE,False
000969.XSHE,False
000970.XSHE,False
000971.XSHE,False
000972.XSHE,False
000973.XSHE,False
000975.XSHE,False
000976.XSHE,False
000977.XSHE,False
000978.XSHE,False
000979.XSHE,False
000980.XSHE,False
000981.XSHE,False
000982.XSHE,False
000983.XSHE,False
000985.XSHE,False
000987.XSHE,False
000988.XSHE,False
000989.XSHE,False
000990.XSHE,False
000993.XSHE,False
000995.XSHE,False
000996.XSHE,False
000997.XSHE,False
000998.XSHE,False
000999.XSHE,False
001696.XSHE,False
001872.XSHE,False
001896.XSHE,False
001914.XSHE,False
001965.XSHE,False
001979.XSHE,False
002001.XSHE,False
002002.XSHE,False
002003.XSHE,False
002004.XSHE,False
002005.XSHE,False
002006.XSHE,False
002007.XSHE,False
002008.XSHE,False
002009.XSHE,False
002010.XSHE,False
002011.XSHE,False
002012.XSHE,False
002013.XSHE,False
002014.XSHE,False
002015.XSHE,False
002016.XSHE,False
002017.XSHE,False
002018.XSHE,False
002019.XSHE,False
002020.XSHE,False
002021.XSHE,False
002022.XSHE,False
002023.XSHE,False
002024.XSHE,False
002025.XSHE,False
002026.XSHE,False
002027.XSHE,False
002028.XSHE,False
002029.XSHE,False
002030.XSHE,False
002031.XSHE,False
002032.XSHE,False
002033.XSHE,False
002034.XSHE,False
002035.XSHE,False
002036.XSHE,False
002037.XSHE,False
002038.XSHE,False
002039.XSHE,False
002040.XSHE,False
002041.XSHE,False
002042.XSHE,False
002043.XSHE,False
002044.XSHE,False
002045.XSHE,False
002046.XSHE,False
002047.XSHE,False
002048.XSHE,False
002049.XSHE,False
002050.XSHE,False
002051.XSHE,False
002052.XSHE,False
002053.XSHE,False
002054.XSHE,False
002055.XSHE,False
002056.XSHE,False
002057.XSHE,False
002058.XSHE,False
002059.XSHE,False
002060.XSHE,False
002061.XSHE,False
002062.XSHE,False
002063.XSHE,False
002064.XSHE,False
002065.XSHE,False
002066.XSHE,False
002067.XSHE,False
002068.XSHE,False
002069.XSHE,False
002070.XSHE,False
002071.XSHE,False
002072.XSHE,False
002073.XSHE,False
002074.XSHE,False
002075.XSHE,False
002076.XSHE,False
002077.XSHE,False
002078.XSHE,False
002079.XSHE,False
002080.XSHE,False
002081.XSHE,False
002082.XSHE,False
002083.XSHE,False
002084.XSHE,False
002085.XSHE,False
002086.XSHE,False
002087.XSHE,False
002088.XSHE,False
002089.XSHE,False
002090.XSHE,False
002091.XSHE,False
002092.XSHE,False
002093.XSHE,False
002094.XSHE,False
002095.XSHE,False
002096.XSHE,False
002097.XSHE,False
002098.XSHE,False
002099.XSHE,False
002100.XSHE,False
002101.XSHE,False
002102.XSHE,False
002103.XSHE,False
002104.XSHE,False
002105.XSHE,False
002106.XSHE,False
002107.XSHE,False
002108.XSHE,False
002109.XSHE,False
002110.XSHE,False
002111.XSHE,False
002112.XSHE,False
002113.XSHE,False
002114.XSHE,False
002115.XSHE,False
002116.XSHE,False
002117.XSHE,False
002118.XSHE,False
002119.XSHE,False
002120.XSHE,False
002121.XSHE,False
002122.XSHE,False
002123.XSHE,False
002124.XSHE,False
002125.XSHE,False
002126.XSHE,False
002127.XSHE,False
002128.XSHE,False
002129.XSHE,False
002130.XSHE,False
002131.XSHE,False
002132.XSHE,False
002133.XSHE,False
002134.XSHE,False
002135.XSHE,False
002136.XSHE,False
002137.XSHE,False
002138.XSHE,False
002139.XSHE,False
002140.XSHE,False
002141.XSHE,False
002142.XSHE,False
002143.XSHE,False
002144.XSHE,False
002145.XSHE,False
002146.XSHE,False
002147.XSHE,False
002148.XSHE,False
002149.XSHE,False
002150.XSHE,False
002151.XSHE,False
002152.XSHE,False
002153.XSHE,False
002154.XSHE,False
002155.XSHE,False
002156.XSHE,False
002157.XSHE,False
002158.XSHE,False
002159.XSHE,False
002160.XSHE,False
002161.XSHE,False
002162.XSHE,False
002163.XSHE,False
002164.XSHE,False
002165.XSHE,False
002166.XSHE,False
002167.XSHE,False
002168.XSHE,False
002169.XSHE,False
002170.XSHE,False
002171.XSHE,False
002172.XSHE,False
002173.XSHE,False
002174.XSHE,False
002175.XSHE,False
002176.XSHE,False
002177.XSHE,False
002178.XSHE,False
002179.XSHE,False
002180.XSHE,False
002181.XSHE,False
002182.XSHE,False
002183.XSHE,False
002184.XSHE,False
002185.XSHE,False
002186.XSHE,False
002187.XSHE,False
002188.XSHE,False
002189.XSHE,False
002190.XSHE,False
002191.XSHE,False
002192.XSHE,False
002193.XSHE,False
002194.XSHE,False
002195.XSHE,False
002196.XSHE,False
002197.XSHE,False
002198.XSHE,False
002199.XSHE,False
002200.XSHE,False
002201.XSHE,False
002202.XSHE,False
002203.XSHE,False
002204.XSHE,False
002205.XSHE,False
002206.XSHE,False
002207.XSHE,False
002208.XSHE,False
002209.XSHE,False
002210.XSHE,False
002211.XSHE,False
002212.XSHE,False
002213.XSHE,False
002214.XSHE,False
002215.XSHE,False
002216.XSHE,False
002217.XSHE,False
002218.XSHE,False
002219.XSHE,False
002220.XSHE,False
002221.XSHE,False
002222.XSHE,False
002223.XSHE,False
002224.XSHE,False
002225.XSHE,False
002226.XSHE,False
002227.XSHE,False
002228.XSHE,False
002229.XSHE,False
002230.XSHE,False
002231.XSHE,False
002232.XSHE,False
002233.XSHE,False
002234.XSHE,False
002235.XSHE,False
002236.XSHE,False
002237.XSHE,False
002238.XSHE,False
002239.XSHE,False
002240.XSHE,False
002241.XSHE,False
002242.XSHE,False
002243.XSHE,False
002244.XSHE,False
002245.XSHE,False
002246.XSHE,False
002247.XSHE,False
002248.XSHE,False
002249.XSHE,False
002250.XSHE,False
002251.XSHE,False
002252.XSHE,False
002253.XSHE,False
002254.XSHE,False
002255.XSHE,False
002256.XSHE,False
002258.XSHE,False
002259.XSHE,False
002260.XSHE,False
002261.XSHE,False
002262.XSHE,False
002263.XSHE,False
002264.XSHE,False
002265.XSHE,False
002266.XSHE,False
002267.XSHE,False
002268.XSHE,False
002269.XSHE,False
002270.XSHE,False
002271.XSHE,False
002272.XSHE,False
002273.XSHE,False
002274.XSHE,False
002275.XSHE,False
002276.XSHE,False
002277.XSHE,False
002278.XSHE,False
002279.XSHE,False
002280.XSHE,False
002281.XSHE,False
002282.XSHE,False
002283.XSHE,False
002284.XSHE,False
002285.XSHE,False
002286.XSHE,False
002287.XSHE,False
002288.XSHE,False
002289.XSHE,False
002290.XSHE,False
002291.XSHE,False
002292.XSHE,False
002293.XSHE,False
002294.XSHE,False
002295.XSHE,False
002296.XSHE,False
002297.XSHE,False
002298.XSHE,False
002299.XSHE,False
002300.XSHE,False
002301.XSHE,False
002302.XSHE,False
002303.XSHE,False
002304.XSHE,False
002305.XSHE,False
002306.XSHE,False
002307.XSHE,False
002308.XSHE,False
002309.XSHE,False
002310.XSHE,False
002311.XSHE,False
002312.XSHE,False
002313.XSHE,False
002314.XSHE,False
002315.XSHE,False
002316.XSHE,False
002317.XSHE,False
002318.XSHE,False
002319.XSHE,False
002320.XSHE,False
002321.XSHE,False
002322.XSHE,False
002323.XSHE,False
002324.XSHE,False
002325.XSHE,False
002326.XSHE,False
002327.XSHE,False
002328.XSHE,False
002329.XSHE,False
002330.XSHE,False
002331.XSHE,False
002332.XSHE,False
002333.XSHE,False
002334.XSHE,False
002335.XSHE,False
002336.XSHE,False
002337.XSHE,False
002338.XSHE,False
002339.XSHE,False
002340.XSHE,False
002341.XSHE,False
002342.XSHE,False
002343.XSHE,False
002344.XSHE,False
002345.XSHE,False
002346.XSHE,False
002347.XSHE,False
002348.XSHE,False
002349.XSHE,False
002350.XSHE,False
002351.XSHE,False
002352.XSHE,False
002353.XSHE,False
002354.XSHE,False
002355.XSHE,False
002356.XSHE,False
002357.XSHE,False
002358.XSHE,False
002359.XSHE,False
002360.XSHE,False
002361.XSHE,False
002362.XSHE,False
002363.XSHE,False
002364.XSHE,False
002365.XSHE,False
002366.XSHE,False
002367.XSHE,False
002368.XSHE,False
002369.XSHE,False
002370.XSHE,False
002371.XSHE,False
002372.XSHE,False
002373.XSHE,False
002374.XSHE,False
002375.XSHE,False
002376.XSHE,False
002377.XSHE,False
002378.XSHE,False
002379.XSHE,False
002380.XSHE,False
002381.XSHE,False
002382.XSHE,False
002383.XSHE,False
002384.XSHE,False
002385.XSHE,False
002386.XSHE,False
002387.XSHE,False
002388.XSHE,False
002389.XSHE,False
002390.XSHE,False
002391.XSHE,False
002392.XSHE,False
002393.XSHE,False
002394.XSHE,False
002395.XSHE,False
002396.XSHE,False
002397.XSHE,False
002398.XSHE,False
002399.XSHE,False
002400.XSHE,False
002401.XSHE,False
002402.XSHE,False
002403.XSHE,False
002404.XSHE,False
002405.XSHE,False
002406.XSHE,False
002407.XSHE,False
002408.XSHE,False
002409.XSHE,False
002410.XSHE,False
002411.XSHE,False
002412.XSHE,False
002413.XSHE,False
002414.XSHE,False
002415.XSHE,False
002416.XSHE,False
002417.XSHE,False
002418.XSHE,False
002419.XSHE,False
002420.XSHE,False
002421.XSHE,False
002422.XSHE,False
002423.XSHE,False
002424.XSHE,False
002425.XSHE,False
002426.XSHE,False
002427.XSHE,False
002428.XSHE,False
002429.XSHE,False
002430.XSHE,False
002431.XSHE,False
002432.XSHE,False
002433.XSHE,False
002434.XSHE,False
002435.XSHE,False
002436.XSHE,False
002437.XSHE,False
002438.XSHE,False
002439.XSHE,False
002440.XSHE,False
002441.XSHE,False
002442.XSHE,False
002443.XSHE,False
002444.XSHE,False
002445.XSHE,False
002446.XSHE,False
002447.XSHE,False
002448.XSHE,False
002449.XSHE,False
002450.XSHE,False
002451.XSHE,False
002452.XSHE,False
002453.XSHE,False
002454.XSHE,False
002455.XSHE,False
002456.XSHE,False
002457.XSHE,False
002458.XSHE,False
002459.XSHE,False
002460.XSHE,False
002461.XSHE,False
002462.XSHE,False
002463.XSHE,False
002464.XSHE,False
002465.XSHE,False
002466.XSHE,False
002467.XSHE,False
002468.XSHE,False
002469.XSHE,False
002470.XSHE,False
002471.XSHE,False
002472.XSHE,False
002473.XSHE,False
002474.XSHE,False
002475.XSHE,False
002476.XSHE,False
002477.XSHE,False
002478.XSHE,False
002479.XSHE,False
002480.XSHE,False
002481.XSHE,False
002482.XSHE,False
002483.XSHE,False
002484.XSHE,False
002485.XSHE,False
002486.XSHE,False
002487.XSHE,False
002488.XSHE,False
002489.XSHE,False
002490.XSHE,False
002491.XSHE,False
002492.XSHE,False
002493.XSHE,False
002494.XSHE,False
002495.XSHE,False
002496.XSHE,False
002497.XSHE,False
002498.XSHE,False
002499.XSHE,False
002500.XSHE,False
002501.XSHE,False
002502.XSHE,False
002503.XSHE,False
002504.XSHE,False
002505.XSHE,False
002506.XSHE,False
002507.XSHE,False
002508.XSHE,False
002509.XSHE,False
002510.XSHE,False
002511.XSHE,False
002512.XSHE,False
002513.XSHE,False
002514.XSHE,False
002515.XSHE,False
002516.XSHE,False
002517.XSHE,False
002518.XSHE,False
002519.XSHE,False
002520.XSHE,False
002521.XSHE,False
002522.XSHE,False
002523.XSHE,False
002524.XSHE,False
002526.XSHE,False
002527.XSHE,False
002528.XSHE,False
002529.XSHE,False
002530.XSHE,False
002531.XSHE,False
002532.XSHE,False
002533.XSHE,False
002534.XSHE,False
002535.XSHE,False
002536.XSHE,False
002537.XSHE,False
002538.XSHE,False
002539.XSHE,False
002540.XSHE,False
002541.XSHE,False
002542.XSHE,False
002543.XSHE,False
002544.XSHE,False
002545.XSHE,False
002546.XSHE,False
002547.XSHE,False
002548.XSHE,False
002549.XSHE,False
002550.XSHE,False
002551.XSHE,False
002552.XSHE,False
002553.XSHE,False
002554.XSHE,False
002555.XSHE,False
002556.XSHE,False
002557.XSHE,False
002558.XSHE,False
002559.XSHE,False
002560.XSHE,False
002561.XSHE,False
002562.XSHE,False
002563.XSHE,False
002564.XSHE,False
002565.XSHE,False
002566.XSHE,False
002567.XSHE,False
002568.XSHE,False
002569.XSHE,False
002570.XSHE,False
002571.XSHE,False
002572.XSHE,False
002573.XSHE,False
002574.XSHE,False
002575.XSHE,False
002576.XSHE,False
002577.XSHE,False
002578.XSHE,False
002579.XSHE,False
002580.XSHE,False
002581.XSHE,False
002582.XSHE,False
002583.XSHE,False
002584.XSHE,False
002585.XSHE,False
002586.XSHE,False
002587.XSHE,False
002588.XSHE,False
002589.XSHE,False
002590.XSHE,False
002591.XSHE,False
002592.XSHE,False
002593.XSHE,False
002594.XSHE,False
002595.XSHE,False
002596.XSHE,False
002597.XSHE,False
002598.XSHE,False
002599.XSHE,False
002600.XSHE,False
002601.XSHE,False
002602.XSHE,False
002603.XSHE,False
002604.XSHE,False
002605.XSHE,False
002606.XSHE,False
002607.XSHE,False
002608.XSHE,False
002609.XSHE,False
002610.XSHE,False
002611.XSHE,False
002612.XSHE,False
002613.XSHE,False
002614.XSHE,False
002615.XSHE,False
002616.XSHE,False
002617.XSHE,False
002618.XSHE,False
002619.XSHE,False
002620.XSHE,False
002621.XSHE,False
002622.XSHE,False
002623.XSHE,False
002624.XSHE,False
002625.XSHE,False
002626.XSHE,False
002627.XSHE,False
002628.XSHE,False
002629.XSHE,False
002630.XSHE,False
002631.XSHE,False
002632.XSHE,False
002633.XSHE,False
002634.XSHE,False
002635.XSHE,False
002636.XSHE,False
002637.XSHE,False
002638.XSHE,False
002639.XSHE,False
002640.XSHE,False
002641.XSHE,False
002642.XSHE,False
002643.XSHE,False
002644.XSHE,False
002645.XSHE,False
002646.XSHE,False
002647.XSHE,False
002648.XSHE,False
002649.XSHE,False
002650.XSHE,False
002651.XSHE,False
002652.XSHE,False
002653.XSHE,False
002654.XSHE,False
002655.XSHE,False
002656.XSHE,False
002657.XSHE,False
002658.XSHE,False
002659.XSHE,False
002660.XSHE,False
002661.XSHE,False
002662.XSHE,False
002663.XSHE,False
002664.XSHE,False
002665.XSHE,False
002666.XSHE,False
002667.XSHE,False
002668.XSHE,False
002669.XSHE,False
002670.XSHE,False
002671.XSHE,False
002672.XSHE,False
002673.XSHE,False
002674.XSHE,False
002675.XSHE,False
002676.XSHE,False
002677.XSHE,False
002678.XSHE,False
002679.XSHE,False
002680.XSHE,False
002681.XSHE,False
002682.XSHE,False
002683.XSHE,False
002684.XSHE,False
002685.XSHE,False
002686.XSHE,False
002687.XSHE,False
002688.XSHE,False
002689.XSHE,False
002690.XSHE,False
002691.XSHE,False
002692.XSHE,False
002693.XSHE,False
002694.XSHE,False
002695.XSHE,False
002696.XSHE,False
002697.XSHE,False
002698.XSHE,False
002699.XSHE,False
002700.XSHE,False
002701.XSHE,False
002702.XSHE,False
002703.XSHE,False
002705.XSHE,False
002706.XSHE,False
002707.XSHE,False
002708.XSHE,False
002709.XSHE,False
002711.XSHE,False
002712.XSHE,False
002713.XSHE,False
002714.XSHE,False
002715.XSHE,False
002716.XSHE,False
002717.XSHE,False
002718.XSHE,False
002719.XSHE,False
002721.XSHE,False
002722.XSHE,False
002723.XSHE,False
002724.XSHE,False
002725.XSHE,False
002726.XSHE,False
002727.XSHE,False
002728.XSHE,False
002729.XSHE,False
002730.XSHE,False
002731.XSHE,False
002732.XSHE,False
002733.XSHE,False
002734.XSHE,False
002735.XSHE,False
002736.XSHE,False
002737.XSHE,False
002738.XSHE,False
002739.XSHE,False
002740.XSHE,False
002741.XSHE,False
002742.XSHE,False
002743.XSHE,False
002745.XSHE,False
002746.XSHE,False
002747.XSHE,False
002748.XSHE,False
002749.XSHE,False
002750.XSHE,False
002751.XSHE,False
002752.XSHE,False
002753.XSHE,False
002755.XSHE,False
002756.XSHE,False
002757.XSHE,False
002758.XSHE,False
002759.XSHE,False
002760.XSHE,False
002761.XSHE,False
002762.XSHE,False
002763.XSHE,False
002765.XSHE,False
002766.XSHE,False
002767.XSHE,False
002768.XSHE,False
002769.XSHE,False
002770.XSHE,False
002771.XSHE,False
002772.XSHE,False
002773.XSHE,False
002774.XSHE,False
002775.XSHE,False
002776.XSHE,False
002777.XSHE,False
002778.XSHE,False
002779.XSHE,False
002780.XSHE,False
002781.XSHE,False
002782.XSHE,False
002783.XSHE,False
002785.XSHE,False
002786.XSHE,False
002787.XSHE,False
002788.XSHE,False
002789.XSHE,False
002790.XSHE,False
002791.XSHE,False
002792.XSHE,False
002793.XSHE,False
002795.XSHE,False
002796.XSHE,False
002797.XSHE,False
002798.XSHE,False
002799.XSHE,False
002800.XSHE,False
002801.XSHE,False
002802.XSHE,False
002803.XSHE,False
002805.XSHE,False
002806.XSHE,False
002807.XSHE,False
002808.XSHE,False
002809.XSHE,False
002810.XSHE,False
002811.XSHE,False
002812.XSHE,False
002813.XSHE,False
002815.XSHE,False
002816.XSHE,False
002817.XSHE,False
002818.XSHE,False
002819.XSHE,False
002820.XSHE,False
002821.XSHE,False
002822.XSHE,False
002823.XSHE,False
002824.XSHE,False
002825.XSHE,False
002826.XSHE,False
002827.XSHE,False
002828.XSHE,False
002829.XSHE,False
002830.XSHE,False
002831.XSHE,False
002832.XSHE,False
002833.XSHE,False
002835.XSHE,False
002836.XSHE,False
002837.XSHE,False
002838.XSHE,False
002839.XSHE,False
002840.XSHE,False
002841.XSHE,False
002842.XSHE,False
002843.XSHE,False
002845.XSHE,False
002846.XSHE,False
002847.XSHE,False
002848.XSHE,False
002849.XSHE,False
002850.XSHE,False
002851.XSHE,False
002852.XSHE,False
002853.XSHE,False
002855.XSHE,False
002856.XSHE,False
002857.XSHE,False
002858.XSHE,False
002859.XSHE,False
002860.XSHE,False
002861.XSHE,False
002862.XSHE,False
002863.XSHE,False
002864.XSHE,False
002865.XSHE,False
002866.XSHE,False
002867.XSHE,False
002868.XSHE,False
002869.XSHE,False
002870.XSHE,False
002871.XSHE,False
002872.XSHE,False
002873.XSHE,False
002875.XSHE,False
002876.XSHE,False
002877.XSHE,False
002878.XSHE,False
002879.XSHE,False
002880.XSHE,False
002881.XSHE,False
002882.XSHE,False
002883.XSHE,False
002884.XSHE,False
002885.XSHE,False
002886.XSHE,False
002887.XSHE,False
002888.XSHE,False
002889.XSHE,False
002890.XSHE,False
002891.XSHE,False
002892.XSHE,False
002893.XSHE,False
002895.XSHE,False
002896.XSHE,False
002897.XSHE,False
002898.XSHE,False
002899.XSHE,False
002900.XSHE,False
002901.XSHE,False
002902.XSHE,False
002903.XSHE,False
002905.XSHE,False
002906.XSHE,False
002907.XSHE,False
002908.XSHE,False
002909.XSHE,False
002910.XSHE,False
002911.XSHE,False
002912.XSHE,False
002913.XSHE,False
002915.XSHE,False
002916.XSHE,False
002917.XSHE,False
002918.XSHE,False
002919.XSHE,False
002920.XSHE,False
002921.XSHE,False
002922.XSHE,False
002923.XSHE,False
002925.XSHE,False
002926.XSHE,False
002927.XSHE,False
002928.XSHE,False
002929.XSHE,False
002930.XSHE,False
002931.XSHE,False
002932.XSHE,False
002933.XSHE,False
002935.XSHE,False
002936.XSHE,False
002937.XSHE,False
002938.XSHE,False
002939.XSHE,False
002940.XSHE,False
002941.XSHE,False
002942.XSHE,False
002943.XSHE,False
002945.XSHE,False
002946.XSHE,False
002947.XSHE,False
002948.XSHE,False
002949.XSHE,False
002950.XSHE,False
002951.XSHE,False
002952.XSHE,False
002953.XSHE,False
002955.XSHE,False
002956.XSHE,False
002957.XSHE,False
002958.XSHE,False
002959.XSHE,False
002960.XSHE,False
002961.XSHE,False
002962.XSHE,False
002963.XSHE,False
002965.XSHE,False
002966.XSHE,False
002967.XSHE,False
002968.XSHE,False
002969.XSHE,False
002970.XSHE,False
002971.XSHE,False
002972.XSHE,False
002973.XSHE,False
002975.XSHE,False
002976.XSHE,False
002977.XSHE,False
002978.XSHE,False
002979.XSHE,False
002980.XSHE,False
002981.XSHE,False
002982.XSHE,False
002983.XSHE,False
002984.XSHE,False
002985.XSHE,False
002986.XSHE,False
002987.XSHE,False
002988.XSHE,False
002989.XSHE,False
002990.XSHE,False
002991.XSHE,False
002992.XSHE,False
002993.XSHE,False
002995.XSHE,False
002996.XSHE,False
002997.XSHE,False
002998.XSHE,False
002999.XSHE,False
003000.XSHE,False
003001.XSHE,False
003002.XSHE,False
003003.XSHE,False
003005.XSHE,False
003006.XSHE,False
003007.XSHE,False
003008.XSHE,False
003009.XSHE,False
003010.XSHE,False
003011.XSHE,False
003012.XSHE,False
003013.XSHE,False
003015.XSHE,False
003816.XSHE,False
300001.XSHE,False
300002.XSHE,False
300003.XSHE,False
300004.XSHE,False
300005.XSHE,False
300006.XSHE,False
300007.XSHE,False
300008.XSHE,False
300009.XSHE,False
300010.XSHE,False
300011.XSHE,False
300012.XSHE,False
300013.XSHE,False
300014.XSHE,False
300015.XSHE,False
300016.XSHE,False
300017.XSHE,False
300018.XSHE,False
300019.XSHE,False
300020.XSHE,False
300021.XSHE,False
300022.XSHE,False
300023.XSHE,False
300024.XSHE,False
300025.XSHE,False
300026.XSHE,False
300027.XSHE,False
300028.XSHE,False
300029.XSHE,False
300030.XSHE,False
300031.XSHE,False
300032.XSHE,False
300033.XSHE,False
300034.XSHE,False
300035.XSHE,False
300036.XSHE,False
300037.XSHE,False
300038.XSHE,False
300039.XSHE,False
300040.XSHE,False
300041.XSHE,False
300042.XSHE,False
300043.XSHE,False
300044.XSHE,False
300045.XSHE,False
300046.XSHE,False
300047.XSHE,False
300048.XSHE,False
300049.XSHE,False
300050.XSHE,False
300051.XSHE,False
300052.XSHE,False
300053.XSHE,False
300054.XSHE,False
300055.XSHE,False
300056.XSHE,False
300057.XSHE,False
300058.XSHE,False
300059.XSHE,False
300061.XSHE,False
300062.XSHE,False
300063.XSHE,False
300064.XSHE,False
300065.XSHE,False
300066.XSHE,False
300067.XSHE,False
300068.XSHE,False
300069.XSHE,False
300070.XSHE,False
300071.XSHE,False
300072.XSHE,False
300073.XSHE,False
300074.XSHE,False
300075.XSHE,False
300076.XSHE,False
300077.XSHE,False
300078.XSHE,False
300079.XSHE,False
300080.XSHE,False
300081.XSHE,False
300082.XSHE,False
300083.XSHE,False
300084.XSHE,False
300085.XSHE,False
300086.XSHE,False
300087.XSHE,False
300088.XSHE,False
300089.XSHE,False
300090.XSHE,False
300091.XSHE,False
300092.XSHE,False
300093.XSHE,False
300094.XSHE,False
300095.XSHE,False
300096.XSHE,False
300097.XSHE,False
300098.XSHE,False
300099.XSHE,False
300100.XSHE,False
300101.XSHE,False
300102.XSHE,False
300103.XSHE,False
300104.XSHE,False
300105.XSHE,False
300106.XSHE,False
300107.XSHE,False
300108.XSHE,False
300109.XSHE,False
300110.XSHE,False
300111.XSHE,False
300112.XSHE,False
300113.XSHE,False
300114.XSHE,False
300115.XSHE,False
300116.XSHE,False
300117.XSHE,False
300118.XSHE,False
300119.XSHE,False
300120.XSHE,False
300121.XSHE,False
300122.XSHE,False
300123.XSHE,False
300124.XSHE,False
300125.XSHE,False
300126.XSHE,False
300127.XSHE,False
300128.XSHE,False
300129.XSHE,False
300130.XSHE,False
300131.XSHE,False
300132.XSHE,False
300133.XSHE,False
300134.XSHE,False
300135.XSHE,False
300136.XSHE,False
300137.XSHE,False
300138.XSHE,False
300139.XSHE,False
300140.XSHE,False
300141.XSHE,False
300142.XSHE,False
300143.XSHE,False
300144.XSHE,False
300145.XSHE,False
300146.XSHE,False
300147.XSHE,False
300148.XSHE,False
300149.XSHE,False
300150.XSHE,False
300151.XSHE,False
300152.XSHE,False
300153.XSHE,False
300154.XSHE,False
300155.XSHE,False
300156.XSHE,False
300157.XSHE,False
300158.XSHE,False
300159.XSHE,False
300160.XSHE,False
300161.XSHE,False
300162.XSHE,False
300163.XSHE,False
300164.XSHE,False
300165.XSHE,False
300166.XSHE,False
300167.XSHE,False
300168.XSHE,False
300169.XSHE,False
300170.XSHE,False
300171.XSHE,False
300172.XSHE,False
300173.XSHE,False
300174.XSHE,False
300175.XSHE,False
300176.XSHE,False
300177.XSHE,False
300178.XSHE,False
300179.XSHE,False
300180.XSHE,False
300181.XSHE,False
300182.XSHE,False
300183.XSHE,False
300184.XSHE,False
300185.XSHE,False
300186.XSHE,False
300187.XSHE,False
300188.XSHE,False
300189.XSHE,False
300190.XSHE,False
300191.XSHE,False
300192.XSHE,False
300193.XSHE,False
300194.XSHE,False
300195.XSHE,False
300196.XSHE,False
300197.XSHE,False
300198.XSHE,False
300199.XSHE,False
300200.XSHE,False
300201.XSHE,False
300202.XSHE,False
300203.XSHE,False
300204.XSHE,False
300205.XSHE,False
300206.XSHE,False
300207.XSHE,False
300208.XSHE,False
300209.XSHE,False
300210.XSHE,False
300211.XSHE,False
300212.XSHE,False
300213.XSHE,False
300214.XSHE,False
300215.XSHE,False
300216.XSHE,False
300217.XSHE,False
300218.XSHE,False
300219.XSHE,False
300220.XSHE,False
300221.XSHE,False
300222.XSHE,False
300223.XSHE,False
300224.XSHE,False
300225.XSHE,False
300226.XSHE,False
300227.XSHE,False
300228.XSHE,False
300229.XSHE,False
300230.XSHE,False
300231.XSHE,False
300232.XSHE,False
300233.XSHE,False
300234.XSHE,False
300235.XSHE,False
300236.XSHE,False
300237.XSHE,False
300238.XSHE,False
300239.XSHE,False
300240.XSHE,False
300241.XSHE,False
300242.XSHE,False
300243.XSHE,False
300244.XSHE,False
300245.XSHE,False
300246.XSHE,False
300247.XSHE,False
300248.XSHE,False
300249.XSHE,False
300250.XSHE,False
300251.XSHE,False
300252.XSHE,False
300253.XSHE,False
300254.XSHE,False
300255.XSHE,False
300256.XSHE,False
300257.XSHE,False
300258.XSHE,False
300259.XSHE,False
300260.XSHE,False
300261.XSHE,False
300262.XSHE,False
300263.XSHE,False
300264.XSHE,False
300265.XSHE,False
300266.XSHE,False
300267.XSHE,False
300268.XSHE,False
300269.XSHE,False
300270.XSHE,False
300271.XSHE,False
300272.XSHE,False
300273.XSHE,False
300274.XSHE,False
300275.XSHE,False
300276.XSHE,False
300277.XSHE,False
300278.XSHE,False
300279.XSHE,False
300280.XSHE,False
300281.XSHE,False
300282.XSHE,False
300283.XSHE,False
300284.XSHE,False
300285.XSHE,False
300286.XSHE,False
300287.XSHE,False
300288.XSHE,False
300289.XSHE,False
300290.XSHE,False
300291.XSHE,False
300292.XSHE,False
300293.XSHE,False
300294.XSHE,False
300295.XSHE,False
300296.XSHE,False
300297.XSHE,False
300298.XSHE,False
300299.XSHE,False
300300.XSHE,False
300301.XSHE,False
300302.XSHE,False
300303.XSHE,False
300304.XSHE,False
300305.XSHE,False
300306.XSHE,False
300307.XSHE,False
300308.XSHE,False
300309.XSHE,False
300310.XSHE,False
300311.XSHE,False
300312.XSHE,False
300313.XSHE,False
300314.XSHE,False
300315.XSHE,False
300316.XSHE,False
300317.XSHE,False
300318.XSHE,False
300319.XSHE,False
300320.XSHE,False
300321.XSHE,False
300322.XSHE,False
300323.XSHE,False
300324.XSHE,False
300325.XSHE,False
300326.XSHE,False
300327.XSHE,False
300328.XSHE,False
300329.XSHE,False
300330.XSHE,False
300331.XSHE,False
300332.XSHE,False
300333.XSHE,False
300334.XSHE,False
300335.XSHE,False
300336.XSHE,False
300337.XSHE,False
300338.XSHE,False
300339.XSHE,False
300340.XSHE,False
300341.XSHE,False
300342.XSHE,False
300343.XSHE,False
300344.XSHE,False
300345.XSHE,False
300346.XSHE,False
300347.XSHE,False
300348.XSHE,False
300349.XSHE,False
300350.XSHE,False
300351.XSHE,False
300352.XSHE,False
300353.XSHE,False
300354.XSHE,False
300355.XSHE,False
300356.XSHE,False
300357.XSHE,False
300358.XSHE,False
300359.XSHE,False
300360.XSHE,False
300362.XSHE,False
300363.XSHE,False
300364.XSHE,False
300365.XSHE,False
300366.XSHE,False
300367.XSHE,False
300368.XSHE,False
300369.XSHE,False
300370.XSHE,False
300371.XSHE,False
300372.XSHE,False
300373.XSHE,False
300374.XSHE,False
300375.XSHE,False
300376.XSHE,False
300377.XSHE,False
300378.XSHE,False
300379.XSHE,False
300380.XSHE,False
300381.XSHE,False
300382.XSHE,False
300383.XSHE,False
300384.XSHE,False
300385.XSHE,False
300386.XSHE,False
300387.XSHE,False
300388.XSHE,False
300389.XSHE,False
300390.XSHE,False
300391.XSHE,False
300392.XSHE,False
300393.XSHE,False
300394.XSHE,False
300395.XSHE,False
300396.XSHE,False
300397.XSHE,False
300398.XSHE,False
300399.XSHE,False
300400.XSHE,False
300401.XSHE,False
300402.XSHE,False
300403.XSHE,False
300404.XSHE,False
300405.XSHE,False
300406.XSHE,False
300407.XSHE,False
300408.XSHE,False
300409.XSHE,False
300410.XSHE,False
300411.XSHE,False
300412.XSHE,False
300413.XSHE,False
300414.XSHE,False
300415.XSHE,False
300416.XSHE,False
300417.XSHE,False
300418.XSHE,False
300419.XSHE,False
300420.XSHE,False
300421.XSHE,False
300422.XSHE,False
300423.XSHE,False
300424.XSHE,False
300425.XSHE,False
300426.XSHE,False
300427.XSHE,False
300428.XSHE,False
300429.XSHE,False
300430.XSHE,False
300431.XSHE,False
300432.XSHE,False
300433.XSHE,False
300434.XSHE,False
300435.XSHE,False
300436.XSHE,False
300437.XSHE,False
300438.XSHE,False
300439.XSHE,False
300440.XSHE,False
300441.XSHE,False
300442.XSHE,False
300443.XSHE,False
300444.XSHE,False
300445.XSHE,False
300446.XSHE,False
300447.XSHE,False
300448.XSHE,False
300449.XSHE,False
300450.XSHE,False
300451.XSHE,False
300452.XSHE,False
300453.XSHE,False
300454.XSHE,False
300455.XSHE,False
300456.XSHE,False
300457.XSHE,False
300458.XSHE,False
300459.XSHE,False
300460.XSHE,False
300461.XSHE,False
300462.XSHE,False
300463.XSHE,False
300464.XSHE,False
300465.XSHE,False
300466.XSHE,False
300467.XSHE,False
300468.XSHE,False
300469.XSHE,False
300470.XSHE,False
300471.XSHE,False
300472.XSHE,False
300473.XSHE,False
300474.XSHE,False
300475.XSHE,False
300476.XSHE,False
300477.XSHE,False
300478.XSHE,False
300479.XSHE,False
300480.XSHE,False
300481.XSHE,False
300482.XSHE,False
300483.XSHE,False
300484.XSHE,False
300485.XSHE,False
300486.XSHE,False
300487.XSHE,False
300488.XSHE,False
300489.XSHE,False
300490.XSHE,False
300491.XSHE,False
300492.XSHE,False
300493.XSHE,False
300494.XSHE,False
300495.XSHE,False
300496.XSHE,False
300497.XSHE,False
300498.XSHE,False
300499.XSHE,False
300500.XSHE,False
300501.XSHE,False
300502.XSHE,False
300503.XSHE,False
300504.XSHE,False
300505.XSHE,False
300506.XSHE,False
300507.XSHE,False
300508.XSHE,False
300509.XSHE,False
300510.XSHE,False
300511.XSHE,False
300512.XSHE,False
300513.XSHE,False
300514.XSHE,False
300515.XSHE,False
300516.XSHE,False
300517.XSHE,False
300518.XSHE,False
300519.XSHE,False
300520.XSHE,False
300521.XSHE,False
300522.XSHE,False
300523.XSHE,False
300525.XSHE,False
300526.XSHE,False
300527.XSHE,False
300528.XSHE,False
300529.XSHE,False
300530.XSHE,False
300531.XSHE,False
300532.XSHE,False
300533.XSHE,False
300534.XSHE,False
300535.XSHE,False
300536.XSHE,False
300537.XSHE,False
300538.XSHE,False
300539.XSHE,False
300540.XSHE,False
300541.XSHE,False
300542.XSHE,False
300543.XSHE,False
300545.XSHE,False
300546.XSHE,False
300547.XSHE,False
300548.XSHE,False
300549.XSHE,False
300550.XSHE,False
300551.XSHE,False
300552.XSHE,False
300553.XSHE,False
300554.XSHE,False
300555.XSHE,False
300556.XSHE,False
300557.XSHE,False
300558.XSHE,False
300559.XSHE,False
300560.XSHE,False
300561.XSHE,False
300562.XSHE,False
300563.XSHE,False
300564.XSHE,False
300565.XSHE,False
300566.XSHE,False
300567.XSHE,False
300568.XSHE,False
300569.XSHE,False
300570.XSHE,False
300571.XSHE,False
300572.XSHE,False
300573.XSHE,False
300575.XSHE,False
300576.XSHE,False
300577.XSHE,False
300578.XSHE,False
300579.XSHE,False
300580.XSHE,False
300581.XSHE,False
300582.XSHE,False
300583.XSHE,False
300584.XSHE,False
300585.XSHE,False
300586.XSHE,False
300587.XSHE,False
300588.XSHE,False
300589.XSHE,False
300590.XSHE,False
300591.XSHE,False
300592.XSHE,False
300593.XSHE,False
300594.XSHE,False
300595.XSHE,False
300596.XSHE,False
300597.XSHE,False
300598.XSHE,False
300599.XSHE,False
300600.XSHE,False
300601.XSHE,False
300602.XSHE,False
300603.XSHE,False
300604.XSHE,False
300605.XSHE,False
300606.XSHE,False
300607.XSHE,False
300608.XSHE,False
300609.XSHE,False
300610.XSHE,False
300611.XSHE,False
300612.XSHE,False
300613.XSHE,False
300615.XSHE,False
300616.XSHE,False
300617.XSHE,False
300618.XSHE,False
300619.XSHE,False
300620.XSHE,False
300621.XSHE,False
300622.XSHE,False
300623.XSHE,False
300624.XSHE,False
300625.XSHE,False
300626.XSHE,False
300627.XSHE,False
300628.XSHE,False
300629.XSHE,False
300630.XSHE,False
300631.XSHE,False
300632.XSHE,False
300633.XSHE,False
300634.XSHE,False
300635.XSHE,False
300636.XSHE,False
300637.XSHE,False
300638.XSHE,False
300639.XSHE,False
300640.XSHE,False
300641.XSHE,False
300642.XSHE,False
300643.XSHE,False
300644.XSHE,False
300645.XSHE,False
300647.XSHE,False
300648.XSHE,False
300649.XSHE,False
300650.XSHE,False
300651.XSHE,False
300652.XSHE,False
300653.XSHE,False
300654.XSHE,False
300655.XSHE,False
300656.XSHE,False
300657.XSHE,False
300658.XSHE,False
300659.XSHE,False
300660.XSHE,False
300661.XSHE,False
300662.XSHE,False
300663.XSHE,False
300664.XSHE,False
300665.XSHE,False
300666.XSHE,False
300667.XSHE,False
300668.XSHE,False
300669.XSHE,False
300670.XSHE,False
300671.XSHE,False
300672.XSHE,False
300673.XSHE,False
300674.XSHE,False
300675.XSHE,False
300676.XSHE,False
300677.XSHE,False
300678.XSHE,False
300679.XSHE,False
300680.XSHE,False
300681.XSHE,False
300682.XSHE,False
300683.XSHE,False
300684.XSHE,False
300685.XSHE,False
300686.XSHE,False
300687.XSHE,False
300688.XSHE,False
300689.XSHE,False
300690.XSHE,False
300691.XSHE,False
300692.XSHE,False
300693.XSHE,False
300694.XSHE,False
300695.XSHE,False
300696.XSHE,False
300697.XSHE,False
300698.XSHE,False
300699.XSHE,False
300700.XSHE,False
300701.XSHE,False
300702.XSHE,False
300703.XSHE,False
300705.XSHE,False
300706.XSHE,False
300707.XSHE,False
300708.XSHE,False
300709.XSHE,False
300710.XSHE,False
300711.XSHE,False
300712.XSHE,False
300713.XSHE,False
300715.XSHE,False
300716.XSHE,False
300717.XSHE,False
300718.XSHE,False
300719.XSHE,False
300720.XSHE,False
300721.XSHE,False
300722.XSHE,False
300723.XSHE,False
300724.XSHE,False
300725.XSHE,False
300726.XSHE,False
300727.XSHE,False
300729.XSHE,False
300730.XSHE,False
300731.XSHE,False
300732.XSHE,False
300733.XSHE,False
300735.XSHE,False
300736.XSHE,False
300737.XSHE,False
300738.XSHE,False
300739.XSHE,False
300740.XSHE,False
300741.XSHE,False
300742.XSHE,False
300743.XSHE,False
300745.XSHE,False
300746.XSHE,False
300747.XSHE,False
300748.XSHE,False
300749.XSHE,False
300750.XSHE,False
300751.XSHE,False
300752.XSHE,False
300753.XSHE,False
300755.XSHE,False
300756.XSHE,False
300757.XSHE,False
300758.XSHE,False
300759.XSHE,False
300760.XSHE,False
300761.XSHE,False
300762.XSHE,False
300763.XSHE,False
300765.XSHE,False
300766.XSHE,False
300767.XSHE,False
300768.XSHE,False
300769.XSHE,False
300770.XSHE,False
300771.XSHE,False
300772.XSHE,False
300773.XSHE,False
300775.XSHE,False
300776.XSHE,False
300777.XSHE,False
300778.XSHE,False
300779.XSHE,False
300780.XSHE,False
300781.XSHE,False
300782.XSHE,False
300783.XSHE,False
300785.XSHE,False
300786.XSHE,False
300787.XSHE,False
300788.XSHE,False
300789.XSHE,False
300790.XSHE,False
300791.XSHE,False
300792.XSHE,False
300793.XSHE,False
300795.XSHE,False
300796.XSHE,False
300797.XSHE,False
300798.XSHE,False
300799.XSHE,False
300800.XSHE,False
300801.XSHE,False
300802.XSHE,False
300803.XSHE,False
300805.XSHE,False
300806.XSHE,False
300807.XSHE,False
300808.XSHE,False
300809.XSHE,False
300810.XSHE,False
300811.XSHE,False
300812.XSHE,False
300813.XSHE,False
300815.XSHE,False
300816.XSHE,False
300817.XSHE,False
300818.XSHE,False
300819.XSHE,False
300820.XSHE,False
300821.XSHE,False
300822.XSHE,False
300823.XSHE,False
300824.XSHE,False
300825.XSHE,False
300826.XSHE,False
300827.XSHE,False
300828.XSHE,False
300829.XSHE,False
300830.XSHE,False
300831.XSHE,False
300832.XSHE,False
300833.XSHE,False
300835.XSHE,False
300836.XSHE,False
300837.XSHE,False
300838.XSHE,False
300839.XSHE,False
300840.XSHE,False
300841.XSHE,False
300842.XSHE,False
300843.XSHE,False
300845.XSHE,False
300846.XSHE,False
300847.XSHE,False
300848.XSHE,False
300849.XSHE,False
300850.XSHE,False
300851.XSHE,False
300852.XSHE,False
300853.XSHE,False
300855.XSHE,False
300856.XSHE,False
300857.XSHE,False
300858.XSHE,False
300859.XSHE,False
300860.XSHE,False
300861.XSHE,False
300862.XSHE,False
300863.XSHE,False
300864.XSHE,False
300865.XSHE,False
300866.XSHE,False
300867.XSHE,False
300868.XSHE,False
300869.XSHE,False
300870.XSHE,False
300871.XSHE,False
300872.XSHE,False
300873.XSHE,False
300875.XSHE,False
300876.XSHE,False
300877.XSHE,False
300878.XSHE,False
300879.XSHE,False
300880.XSHE,False
300881.XSHE,False
300882.XSHE,False
300883.XSHE,False
300885.XSHE,False
300886.XSHE,False
300887.XSHE,False
300888.XSHE,False
300889.XSHE,False
300890.XSHE,False
300891.XSHE,False
300892.XSHE,False
300893.XSHE,False
300895.XSHE,False
300896.XSHE,False
300897.XSHE,False
300898.XSHE,False
300899.XSHE,False
300999.XSHE,False
600000.XSHG,False
600001.XSHG,False
600002.XSHG,False
600003.XSHG,False
600004.XSHG,False
600005.XSHG,False
600006.XSHG,False
600007.XSHG,False
600008.XSHG,False
600009.XSHG,False
600010.XSHG,False
600011.XSHG,False
600012.XSHG,False
600015.XSHG,False
600016.XSHG,False
600017.XSHG,False
600018.XSHG,False
600019.XSHG,False
600020.XSHG,False
600021.XSHG,False
600022.XSHG,False
600023.XSHG,False
600025.XSHG,False
600026.XSHG,False
600027.XSHG,False
600028.XSHG,False
600029.XSHG,False
600030.XSHG,False
600031.XSHG,False
600033.XSHG,False
600035.XSHG,False
600036.XSHG,False
600037.XSHG,False
600038.XSHG,False
600039.XSHG,False
600048.XSHG,False
600050.XSHG,False
600051.XSHG,False
600052.XSHG,False
600053.XSHG,False
600054.XSHG,False
600055.XSHG,False
600056.XSHG,False
600057.XSHG,False
600058.XSHG,False
600059.XSHG,False
600060.XSHG,False
600061.XSHG,False
600062.XSHG,False
600063.XSHG,False
600064.XSHG,False
600065.XSHG,False
600066.XSHG,False
600067.XSHG,False
600068.XSHG,False
600069.XSHG,False
600070.XSHG,False
600071.XSHG,False
600072.XSHG,False
600073.XSHG,False
600074.XSHG,False
600075.XSHG,False
600076.XSHG,False
600077.XSHG,False
600078.XSHG,False
600079.XSHG,False
600080.XSHG,False
600081.XSHG,False
600082.XSHG,False
600083.XSHG,False
600084.XSHG,False
600085.XSHG,False
600086.XSHG,False
600087.XSHG,False
600088.XSHG,False
600089.XSHG,False
600090.XSHG,False
600091.XSHG,False
600092.XSHG,False
600093.XSHG,False
600094.XSHG,False
600095.XSHG,False
600096.XSHG,False
600097.XSHG,False
600098.XSHG,False
600099.XSHG,False
600100.XSHG,False
600101.XSHG,False
600102.XSHG,False
600103.XSHG,False
600104.XSHG,False
600105.XSHG,False
600106.XSHG,False
600107.XSHG,False
600108.XSHG,False
600109.XSHG,False
600110.XSHG,False
600111.XSHG,False
600112.XSHG,False
600113.XSHG,False
600114.XSHG,False
600115.XSHG,False
600116.XSHG,False
600117.XSHG,False
600118.XSHG,False
600119.XSHG,False
600120.XSHG,False
600121.XSHG,False
600122.XSHG,False
600123.XSHG,False
600125.XSHG,False
600126.XSHG,False
600127.XSHG,False
600128.XSHG,False
600129.XSHG,False
600130.XSHG,False
600131.XSHG,False
600132.XSHG,False
600133.XSHG,False
600135.XSHG,False
600136.XSHG,False
600137.XSHG,False
600138.XSHG,False
600139.XSHG,False
600141.XSHG,False
600143.XSHG,False
600145.XSHG,False
600146.XSHG,False
600148.XSHG,False
600149.XSHG,False
600150.XSHG,False
600151.XSHG,False
600152.XSHG,False
600153.XSHG,False
600155.XSHG,False
600156.XSHG,False
600157.XSHG,False
600158.XSHG,False
600159.XSHG,False
600160.XSHG,False
600161.XSHG,False
600162.XSHG,False
600163.XSHG,False
600165.XSHG,False
600166.XSHG,False
600167.XSHG,False
600168.XSHG,False
600169.XSHG,False
600170.XSHG,False
600171.XSHG,False
600172.XSHG,False
600173.XSHG,False
600175.XSHG,False
600176.XSHG,False
600177.XSHG,False
600178.XSHG,False
600179.XSHG,False
600180.XSHG,False
600181.XSHG,False
600182.XSHG,False
600183.XSHG,False
600184.XSHG,False
600185.XSHG,False
600186.XSHG,False
600187.XSHG,False
600188.XSHG,False
600189.XSHG,False
600190.XSHG,False
600191.XSHG,False
600192.XSHG,False
600193.XSHG,False
600195.XSHG,False
600196.XSHG,False
600197.XSHG,False
600198.XSHG,False
600199.XSHG,False
600200.XSHG,False
600201.XSHG,False
600202.XSHG,False
600203.XSHG,False
600205.XSHG,False
600206.XSHG,False
600207.XSHG,False
600208.XSHG,False
600209.XSHG,False
600210.XSHG,False
600211.XSHG,False
600212.XSHG,False
600213.XSHG,False
600215.XSHG,False
600216.XSHG,False
600217.XSHG,False
600218.XSHG,False
600219.XSHG,False
600220.XSHG,False
600221.XSHG,False
600222.XSHG,False
600223.XSHG,False
600225.XSHG,False
600226.XSHG,False
600227.XSHG,False
600228.XSHG,False
600229.XSHG,False
600230.XSHG,False
600231.XSHG,False
600232.XSHG,False
600233.XSHG,False
600234.XSHG,False
600235.XSHG,False
600236.XSHG,False
600237.XSHG,False
600238.XSHG,False
600239.XSHG,False
600240.XSHG,False
600241.XSHG,False
600242.XSHG,False
600243.XSHG,False
600246.XSHG,False
600247.XSHG,False
600248.XSHG,False
600249.XSHG,False
600250.XSHG,False
600251.XSHG,False
600252.XSHG,False
600253.XSHG,False
600255.XSHG,False
600256.XSHG,False
600257.XSHG,False
600258.XSHG,False
600259.XSHG,False
600260.XSHG,False
600261.XSHG,False
600262.XSHG,False
600263.XSHG,False
600265.XSHG,False
600266.XSHG,False
600267.XSHG,False
600268.XSHG,False
600269.XSHG,False
600270.XSHG,False
600271.XSHG,False
600272.XSHG,False
600273.XSHG,False
600275.XSHG,False
600276.XSHG,False
600277.XSHG,False
600278.XSHG,False
600279.XSHG,False
600280.XSHG,False
600281.XSHG,False
600282.XSHG,False
600283.XSHG,False
600284.XSHG,False
600285.XSHG,False
600286.XSHG,False
600287.XSHG,False
600288.XSHG,False
600289.XSHG,False
600290.XSHG,False
600291.XSHG,False
600292.XSHG,False
600293.XSHG,False
600295.XSHG,False
600296.XSHG,False
600297.XSHG,False
600298.XSHG,False
600299.XSHG,False
600300.XSHG,False
600301.XSHG,False
600302.XSHG,False
600303.XSHG,False
600305.XSHG,False
600306.XSHG,False
600307.XSHG,False
600308.XSHG,False
600309.XSHG,False
600310.XSHG,False
600311.XSHG,False
600312.XSHG,False
600313.XSHG,False
600315.XSHG,False
600316.XSHG,False
600317.XSHG,False
600318.XSHG,False
600319.XSHG,False
600320.XSHG,False
600321.XSHG,False
600322.XSHG,False
600323.XSHG,False
600325.XSHG,False
600326.XSHG,False
600327.XSHG,False
600328.XSHG,False
600329.XSHG,False
600330.XSHG,False
600331.XSHG,False
600332.XSHG,False
600333.XSHG,False
600335.XSHG,False
600336.XSHG,False
600337.XSHG,False
600338.XSHG,False
600339.XSHG,False
600340.XSHG,False
600343.XSHG,False
600345.XSHG,False
600346.XSHG,False
600348.XSHG,False
600350.XSHG,False
600351.XSHG,False
600352.XSHG,False
600353.XSHG,False
600354.XSHG,False
600355.XSHG,False
600356.XSHG,False
600357.XSHG,False
600358.XSHG,False
600359.XSHG,False
600360.XSHG,False
600361.XSHG,False
600362.XSHG,False
600363.XSHG,False
600365.XSHG,False
600366.XSHG,False
600367.XSHG,False
600368.XSHG,False
600369.XSHG,False
600370.XSHG,False
600371.XSHG,False
600372.XSHG,False
600373.XSHG,False
600375.XSHG,False
600376.XSHG,False
600377.XSHG,False
600378.XSHG,False
600379.XSHG,False
600380.XSHG,False
600381.XSHG,False
600382.XSHG,False
600383.XSHG,False
600385.XSHG,False
600386.XSHG,False
600387.XSHG,False
600388.XSHG,False
600389.XSHG,False
600390.XSHG,False
600391.XSHG,False
600392.XSHG,False
600393.XSHG,False
600395.XSHG,False
600396.XSHG,False
600397.XSHG,False
600398.XSHG,False
600399.XSHG,False
600400.XSHG,False
600401.XSHG,False
600403.XSHG,False
600405.XSHG,False
600406.XSHG,False
600408.XSHG,False
600409.XSHG,False
600410.XSHG,False
600415.XSHG,False
600416.XSHG,False
600418.XSHG,False
600419.XSHG,False
600420.XSHG,False
600421.XSHG,False
600422.XSHG,False
600423.XSHG,False
600425.XSHG,False
600426.XSHG,False
600428.XSHG,False
600429.XSHG,False
600432.XSHG,False
600433.XSHG,False
600435.XSHG,False
600436.XSHG,False
600438.XSHG,False
600439.XSHG,False
600444.XSHG,False
600446.XSHG,False
600448.XSHG,False
600449.XSHG,False
600452.XSHG,False
600455.XSHG,False
600456.XSHG,False
600458.XSHG,False
600459.XSHG,False
600460.XSHG,False
600461.XSHG,False
600462.XSHG,False
600463.XSHG,False
600466.XSHG,False
600467.XSHG,False
600468.XSHG,False
600469.XSHG,False
600470.XSHG,False
600472.XSHG,False
600475.XSHG,False
600476.XSHG,False
600477.XSHG,False
600478.XSHG,False
600479.XSHG,False
600480.XSHG,False
600481.XSHG,False
600482.XSHG,False
600483.XSHG,False
600485.XSHG,False
600486.XSHG,False
600487.XSHG,False
600488.XSHG,False
600489.XSHG,False
600490.XSHG,False
600491.XSHG,False
600493.XSHG,False
600495.XSHG,False
600496.XSHG,False
600497.XSHG,False
600498.XSHG,False
600499.XSHG,False
600500.XSHG,False
600501.XSHG,False
600502.XSHG,False
600503.XSHG,False
600505.XSHG,False
600506.XSHG,False
600507.XSHG,False
600508.XSHG,False
600509.XSHG,False
600510.XSHG,False
600511.XSHG,False
600512.XSHG,False
600513.XSHG,False
600515.XSHG,False
600516.XSHG,False
600517.XSHG,False
600518.XSHG,False
600519.XSHG,False
600520.XSHG,False
600521.XSHG,False
600522.XSHG,False
600523.XSHG,False
600525.XSHG,False
600526.XSHG,False
600527.XSHG,False
600528.XSHG,False
600529.XSHG,False
600530.XSHG,False
600531.XSHG,False
600532.XSHG,False
600533.XSHG,False
600535.XSHG,False
600536.XSHG,False
600537.XSHG,False
600538.XSHG,False
600539.XSHG,False
600540.XSHG,False
600543.XSHG,False
600545.XSHG,False
600546.XSHG,False
600547.XSHG,False
600548.XSHG,False
600549.XSHG,False
600550.XSHG,False
600551.XSHG,False
600552.XSHG,False
600553.XSHG,False
600555.XSHG,False
600556.XSHG,False
600557.XSHG,False
600558.XSHG,False
600559.XSHG,False
600560.XSHG,False
600561.XSHG,False
600562.XSHG,False
600563.XSHG,False
600565.XSHG,False
600566.XSHG,False
600567.XSHG,False
600568.XSHG,False
600569.XSHG,False
600570.XSHG,False
600571.XSHG,False
600572.XSHG,False
600573.XSHG,False
600575.XSHG,False
600576.XSHG,False
600577.XSHG,False
600578.XSHG,False
600579.XSHG,False
600580.XSHG,False
600581.XSHG,False
600582.XSHG,False
600583.XSHG,False
600584.XSHG,False
600585.XSHG,False
600586.XSHG,False
600587.XSHG,False
600588.XSHG,False
600589.XSHG,False
600590.XSHG,False
600591.XSHG,False
600592.XSHG,False
600593.XSHG,False
600594.XSHG,False
600595.XSHG,False
600596.XSHG,False
600597.XSHG,False
600598.XSHG,False
600599.XSHG,False
600600.XSHG,False
600601.XSHG,False
600602.XSHG,False
600603.XSHG,False
600604.XSHG,False
600605.XSHG,False
600606.XSHG,False
600607.XSHG,False
600608.XSHG,False
600609.XSHG,False
600610.XSHG,False
600611.XSHG,False
600612.XSHG,False
600613.XSHG,False
600614.XSHG,False
600615.XSHG,False
600616.XSHG,False
600617.XSHG,False
600618.XSHG,False
600619.XSHG,False
600620.XSHG,False
600621.XSHG,False
600622.XSHG,False
600623.XSHG,False
600624.XSHG,False
600626.XSHG,False
600627.XSHG,False
600628.XSHG,False
600629.XSHG,False
600630.XSHG,False
600631.XSHG,False
600633.XSHG,False
600634.XSHG,False
600635.XSHG,False
600636.XSHG,False
600637.XSHG,False
600638.XSHG,False
600639.XSHG,False
600640.XSHG,False
600641.XSHG,False
600642.XSHG,False
600643.XSHG,False
600644.XSHG,False
600645.XSHG,False
600647.XSHG,False
600648.XSHG,False
600649.XSHG,False
600650.XSHG,False
600651.XSHG,False
600652.XSHG,False
600653.XSHG,False
600654.XSHG,False
600655.XSHG,False
600656.XSHG,False
600657.XSHG,False
600658.XSHG,False
600659.XSHG,False
600660.XSHG,False
600661.XSHG,False
600662.XSHG,False
600663.XSHG,False
600664.XSHG,False
600665.XSHG,False
600666.XSHG,False
600667.XSHG,False
600668.XSHG,False
600671.XSHG,False
600672.XSHG,False
600673.XSHG,False
600674.XSHG,False
600675.XSHG,False
600676.XSHG,False
600677.XSHG,False
600678.XSHG,False
600679.XSHG,False
600680.XSHG,False
600681.XSHG,False
600682.XSHG,False
600683.XSHG,False
600684.XSHG,False
600685.XSHG,False
600686.XSHG,False
600687.XSHG,False
600688.XSHG,False
600689.XSHG,False
600690.XSHG,False
600691.XSHG,False
600692.XSHG,False
600693.XSHG,False
600694.XSHG,False
600695.XSHG,False
600696.XSHG,False
600697.XSHG,False
600698.XSHG,False
600699.XSHG,False
600700.XSHG,False
600701.XSHG,False
600702.XSHG,False
600703.XSHG,False
600704.XSHG,False
600705.XSHG,False
600706.XSHG,False
600707.XSHG,False
600708.XSHG,False
600710.XSHG,False
600711.XSHG,False
600712.XSHG,False
600713.XSHG,False
600714.XSHG,False
600715.XSHG,False
600716.XSHG,False
600717.XSHG,False
600718.XSHG,False
600719.XSHG,False
600720.XSHG,False
600721.XSHG,False
600722.XSHG,False
600723.XSHG,False
600724.XSHG,False
600725.XSHG,False
600726.XSHG,False
600727.XSHG,False
600728.XSHG,False
600729.XSHG,False
600730.XSHG,False
600731.XSHG,False
600732.XSHG,False
600733.XSHG,False
600734.XSHG,False
600735.XSHG,False
600736.XSHG,False
600737.XSHG,False
600738.XSHG,False
600739.XSHG,False
600740.XSHG,False
600741.XSHG,False
600742.XSHG,False
600743.XSHG,False
600744.XSHG,False
600745.XSHG,False
600746.XSHG,False
600747.XSHG,False
600748.XSHG,False
600749.XSHG,False
600750.XSHG,False
600751.XSHG,False
600752.XSHG,False
600753.XSHG,False
600754.XSHG,False
600755.XSHG,False
600756.XSHG,False
600757.XSHG,False
600758.XSHG,False
600759.XSHG,False
600760.XSHG,False
600761.XSHG,False
600762.XSHG,False
600763.XSHG,False
600764.XSHG,False
600765.XSHG,False
600766.XSHG,False
600767.XSHG,False
600768.XSHG,False
600769.XSHG,False
600770.XSHG,False
600771.XSHG,False
600772.XSHG,False
600773.XSHG,False
600774.XSHG,False
600775.XSHG,False
600776.XSHG,False
600777.XSHG,False
600778.XSHG,False
600779.XSHG,False
600780.XSHG,False
600781.XSHG,False
600782.XSHG,False
600783.XSHG,False
600784.XSHG,False
600785.XSHG,False
600786.XSHG,False
600787.XSHG,False
600788.XSHG,False
600789.XSHG,False
600790.XSHG,False
600791.XSHG,False
600792.XSHG,False
600793.XSHG,False
600794.XSHG,False
600795.XSHG,False
600796.XSHG,False
600797.XSHG,False
600798.XSHG,False
600799.XSHG,False
600800.XSHG,False
600801.XSHG,False
600802.XSHG,False
600803.XSHG,False
600804.XSHG,False
600805.XSHG,False
600806.XSHG,False
600807.XSHG,False
600808.XSHG,False
600809.XSHG,False
600810.XSHG,False
600811.XSHG,False
600812.XSHG,False
600814.XSHG,False
600815.XSHG,False
600816.XSHG,False
600817.XSHG,False
600818.XSHG,False
600819.XSHG,False
600820.XSHG,False
600821.XSHG,False
600822.XSHG,False
600823.XSHG,False
600824.XSHG,False
600825.XSHG,False
600826.XSHG,False
600827.XSHG,False
600828.XSHG,False
600829.XSHG,False
600830.XSHG,False
600831.XSHG,False
600832.XSHG,False
600833.XSHG,False
600834.XSHG,False
600835.XSHG,False
600836.XSHG,False
600837.XSHG,False
600838.XSHG,False
600839.XSHG,False
600840.XSHG,False
600841.XSHG,False
600842.XSHG,False
600843.XSHG,False
600844.XSHG,False
600845.XSHG,False
600846.XSHG,False
600847.XSHG,False
600848.XSHG,False
600849.XSHG,False
600850.XSHG,False
600851.XSHG,False
600852.XSHG,False
600853.XSHG,False
600854.XSHG,False
600855.XSHG,False
600856.XSHG,False
600857.XSHG,False
600858.XSHG,False
600859.XSHG,False
600860.XSHG,False
600861.XSHG,False
600862.XSHG,False
600863.XSHG,False
600864.XSHG,False
600865.XSHG,False
600866.XSHG,False
600867.XSHG,False
600868.XSHG,False
600869.XSHG,False
600870.XSHG,False
600871.XSHG,False
600872.XSHG,False
600873.XSHG,False
600874.XSHG,False
600875.XSHG,False
600876.XSHG,False
600877.XSHG,False
600879.XSHG,False
600880.XSHG,False
600881.XSHG,False
600882.XSHG,False
600883.XSHG,False
600884.XSHG,False
600885.XSHG,False
600886.XSHG,False
600887.XSHG,False
600888.XSHG,False
600889.XSHG,False
600890.XSHG,False
600891.XSHG,False
600892.XSHG,False
600893.XSHG,False
600894.XSHG,False
600895.XSHG,False
600896.XSHG,False
600897.XSHG,False
600898.XSHG,False
600899.XSHG,False
600900.XSHG,False
600901.XSHG,False
600903.XSHG,False
600908.XSHG,False
600909.XSHG,False
600917.XSHG,False
600918.XSHG,False
600919.XSHG,False
600926.XSHG,False
600928.XSHG,False
600929.XSHG,False
600933.XSHG,False
600936.XSHG,False
600939.XSHG,False
600956.XSHG,False
600958.XSHG,False
600959.XSHG,False
600960.XSHG,False
600961.XSHG,False
600962.XSHG,False
600963.XSHG,False
600965.XSHG,False
600966.XSHG,False
600967.XSHG,False
600968.XSHG,False
600969.XSHG,False
600970.XSHG,False
600971.XSHG,False
600973.XSHG,False
600975.XSHG,False
600976.XSHG,False
600977.XSHG,False
600978.XSHG,False
600979.XSHG,False
600980.XSHG,False
600981.XSHG,False
600982.XSHG,False
600983.XSHG,False
600984.XSHG,False
600985.XSHG,False
600986.XSHG,False
600987.XSHG,False
600988.XSHG,False
600989.XSHG,False
600990.XSHG,False
600991.XSHG,False
600992.XSHG,False
600993.XSHG,False
600995.XSHG,False
600996.XSHG,False
600997.XSHG,False
600998.XSHG,False
600999.XSHG,False
601000.XSHG,False
601001.XSHG,False
601002.XSHG,False
601003.XSHG,False
601005.XSHG,False
601006.XSHG,False
601007.XSHG,False
601008.XSHG,False
601009.XSHG,False
601010.XSHG,False
601011.XSHG,False
601012.XSHG,False
601015.XSHG,False
601016.XSHG,False
601018.XSHG,False
601019.XSHG,False
601020.XSHG,False
601021.XSHG,False
601028.XSHG,False
601038.XSHG,False
601058.XSHG,False
601066.XSHG,False
601068.XSHG,False
601069.XSHG,False
601077.XSHG,False
601086.XSHG,False
601088.XSHG,False
601098.XSHG,False
601099.XSHG,False
601100.XSHG,False
601101.XSHG,False
601106.XSHG,False
601107.XSHG,False
601108.XSHG,False
601111.XSHG,False
601113.XSHG,False
601116.XSHG,False
601117.XSHG,False
601118.XSHG,False
601126.XSHG,False
601127.XSHG,False
601128.XSHG,False
601137.XSHG,False
601138.XSHG,False
601139.XSHG,False
601155.XSHG,False
601158.XSHG,False
601162.XSHG,False
601163.XSHG,False
601166.XSHG,False
601168.XSHG,False
601169.XSHG,False
601177.XSHG,False
601179.XSHG,False
601186.XSHG,False
601188.XSHG,False
601198.XSHG,False
601199.XSHG,False
601200.XSHG,False
601208.XSHG,False
601211.XSHG,False
601212.XSHG,False
601216.XSHG,False
601218.XSHG,False
601222.XSHG,False
601225.XSHG,False
601226.XSHG,False
601228.XSHG,False
601229.XSHG,False
601231.XSHG,False
601233.XSHG,False
601236.XSHG,False
601238.XSHG,False
601258.XSHG,False
601268.XSHG,False
601288.XSHG,False
601298.XSHG,False
601299.XSHG,False
601311.XSHG,False
601313.XSHG,False
601318.XSHG,False
601319.XSHG,False
601326.XSHG,False
601328.XSHG,False
601330.XSHG,False
601333.XSHG,False
601336.XSHG,False
601339.XSHG,False
601360.XSHG,False
601366.XSHG,False
601368.XSHG,False
601369.XSHG,False
601375.XSHG,False
601377.XSHG,False
601388.XSHG,False
601390.XSHG,False
601398.XSHG,False
601399.XSHG,False
601456.XSHG,False
601500.XSHG,False
601512.XSHG,False
601515.XSHG,False
601518.XSHG,False
601519.XSHG,False
601555.XSHG,False
601558.XSHG,False
601566.XSHG,False
601567.XSHG,False
601568.XSHG,False
601577.XSHG,False
601579.XSHG,False
601588.XSHG,False
601595.XSHG,False
601598.XSHG,False
601599.XSHG,False
601600.XSHG,False
601601.XSHG,False
601606.XSHG,False
601607.XSHG,False
601608.XSHG,False
601609.XSHG,False
601611.XSHG,False
601615.XSHG,False
601616.XSHG,False
601618.XSHG,False
601619.XSHG,False
601628.XSHG,False
601633.XSHG,False
601636.XSHG,False
601658.XSHG,False
601666.XSHG,False
601668.XSHG,False
601669.XSHG,False
601677.XSHG,False
601678.XSHG,False
601688.XSHG,False
601689.XSHG,False
601696.XSHG,False
601698.XSHG,False
601699.XSHG,False
601700.XSHG,False
601702.XSHG,False
601717.XSHG,False
601718.XSHG,False
601727.XSHG,False
601766.XSHG,False
601777.XSHG,False
601778.XSHG,False
601788.XSHG,False
601789.XSHG,False
601798.XSHG,False
601799.XSHG,False
601800.XSHG,False
601801.XSHG,False
601808.XSHG,False
601811.XSHG,False
601816.XSHG,False
601818.XSHG,False
601827.XSHG,False
601828.XSHG,False
601838.XSHG,False
601857.XSHG,False
601858.XSHG,False
601860.XSHG,False
601865.XSHG,False
601866.XSHG,False
601869.XSHG,False
601872.XSHG,False
601877.XSHG,False
601878.XSHG,False
601880.XSHG,False
601881.XSHG,False
601882.XSHG,False
601886.XSHG,False
601888.XSHG,False
601890.XSHG,False
601898.XSHG,False
601899.XSHG,False
601900.XSHG,False
601901.XSHG,False
601908.XSHG,False
601916.XSHG,False
601918.XSHG,False
601919.XSHG,False
601928.XSHG,False
601929.XSHG,False
601933.XSHG,False
601939.XSHG,False
601949.XSHG,False
601952.XSHG,False
601958.XSHG,False
601965.XSHG,False
601966.XSHG,False
601968.XSHG,False
601969.XSHG,False
601975.XSHG,False
601985.XSHG,False
601988.XSHG,False
601989.XSHG,False
601990.XSHG,False
601991.XSHG,False
601992.XSHG,False
601996.XSHG,False
601997.XSHG,False
601998.XSHG,False
601999.XSHG,False
603000.XSHG,False
603001.XSHG,False
603002.XSHG,False
603003.XSHG,False
603005.XSHG,False
603006.XSHG,False
603007.XSHG,False
603008.XSHG,False
603009.XSHG,False
603010.XSHG,False
603011.XSHG,False
603012.XSHG,False
603013.XSHG,False
603015.XSHG,False
603016.XSHG,False
603017.XSHG,False
603018.XSHG,False
603019.XSHG,False
603020.XSHG,False
603021.XSHG,False
603022.XSHG,False
603023.XSHG,False
603025.XSHG,False
603026.XSHG,False
603027.XSHG,False
603028.XSHG,False
603029.XSHG,False
603030.XSHG,False
603031.XSHG,False
603032.XSHG,False
603033.XSHG,False
603035.XSHG,False
603036.XSHG,False
603037.XSHG,False
603038.XSHG,False
603039.XSHG,False
603040.XSHG,False
603041.XSHG,False
603042.XSHG,False
603043.XSHG,False
603045.XSHG,False
603050.XSHG,False
603053.XSHG,False
603055.XSHG,False
603056.XSHG,False
603058.XSHG,False
603059.XSHG,False
603060.XSHG,False
603063.XSHG,False
603066.XSHG,False
603067.XSHG,False
603068.XSHG,False
603069.XSHG,False
603076.XSHG,False
603077.XSHG,False
603078.XSHG,False
603079.XSHG,False
603080.XSHG,False
603081.XSHG,False
603083.XSHG,False
603085.XSHG,False
603086.XSHG,False
603087.XSHG,False
603088.XSHG,False
603089.XSHG,False
603090.XSHG,False
603093.XSHG,False
603095.XSHG,False
603096.XSHG,False
603098.XSHG,False
603099.XSHG,False
603100.XSHG,False
603101.XSHG,False
603103.XSHG,False
603105.XSHG,False
603106.XSHG,False
603108.XSHG,False
603109.XSHG,False
603110.XSHG,False
603111.XSHG,False
603112.XSHG,False
603113.XSHG,False
603115.XSHG,False
603116.XSHG,False
603117.XSHG,False
603118.XSHG,False
603121.XSHG,False
603123.XSHG,False
603126.XSHG,False
603127.XSHG,False
603128.XSHG,False
603129.XSHG,False
603131.XSHG,False
603133.XSHG,False
603136.XSHG,False
603138.XSHG,False
603139.XSHG,False
603155.XSHG,False
603156.XSHG,False
603157.XSHG,False
603158.XSHG,False
603159.XSHG,False
603160.XSHG,False
603161.XSHG,False
603165.XSHG,False
603166.XSHG,False
603167.XSHG,False
603168.XSHG,False
603169.XSHG,False
603177.XSHG,False
603178.XSHG,False
603179.XSHG,False
603180.XSHG,False
603181.XSHG,False
603183.XSHG,False
603185.XSHG,False
603186.XSHG,False
603187.XSHG,False
603188.XSHG,False
603189.XSHG,False
603192.XSHG,False
603195.XSHG,False
603196.XSHG,False
603197.XSHG,False
603198.XSHG,False
603199.XSHG,False
603200.XSHG,False
603203.XSHG,False
603208.XSHG,False
603212.XSHG,False
603214.XSHG,False
603217.XSHG,False
603218.XSHG,False
603220.XSHG,False
603221.XSHG,False
603222.XSHG,False
603223.XSHG,False
603225.XSHG,False
603226.XSHG,False
603227.XSHG,False
603228.XSHG,False
603229.XSHG,False
603232.XSHG,False
603233.XSHG,False
603236.XSHG,False
603238.XSHG,False
603239.XSHG,False
603256.XSHG,False
603258.XSHG,False
603259.XSHG,False
603260.XSHG,False
603266.XSHG,False
603267.XSHG,False
603268.XSHG,False
603269.XSHG,False
603277.XSHG,False
603278.XSHG,False
603279.XSHG,False
603283.XSHG,False
603286.XSHG,False
603288.XSHG,False
603289.XSHG,False
603290.XSHG,False
603297.XSHG,False
603298.XSHG,False
603299.XSHG,False
603300.XSHG,False
603301.XSHG,False
603303.XSHG,False
603305.XSHG,False
603306.XSHG,False
603308.XSHG,False
603309.XSHG,False
603311.XSHG,False
603313.XSHG,False
603315.XSHG,False
603316.XSHG,False
603317.XSHG,False
603318.XSHG,False
603319.XSHG,False
603320.XSHG,False
603321.XSHG,False
603322.XSHG,False
603323.XSHG,False
603326.XSHG,False
603327.XSHG,False
603328.XSHG,False
603329.XSHG,False
603330.XSHG,False
603331.XSHG,False
603332.XSHG,False
603333.XSHG,False
603335.XSHG,False
603336.XSHG,False
603337.XSHG,False
603338.XSHG,False
603339.XSHG,False
603345.XSHG,False
603348.XSHG,False
603351.XSHG,False
603353.XSHG,False
603355.XSHG,False
603356.XSHG,False
603357.XSHG,False
603358.XSHG,False
603359.XSHG,False
603360.XSHG,False
603363.XSHG,False
603365.XSHG,False
603366.XSHG,False
603367.XSHG,False
603368.XSHG,False
603369.XSHG,False
603377.XSHG,False
603378.XSHG,False
603379.XSHG,False
603380.XSHG,False
603383.XSHG,False
603385.XSHG,False
603386.XSHG,False
603387.XSHG,False
603388.XSHG,False
603389.XSHG,False
603390.XSHG,False
603392.XSHG,False
603393.XSHG,False
603396.XSHG,False
603398.XSHG,False
603399.XSHG,False
603408.XSHG,False
603416.XSHG,False
603421.XSHG,False
603429.XSHG,False
603439.XSHG,False
603444.XSHG,False
603456.XSHG,False
603458.XSHG,False
603466.XSHG,False
603477.XSHG,False
603486.XSHG,False
603488.XSHG,False
603489.XSHG,False
603496.XSHG,False
603499.XSHG,False
603500.XSHG,False
603501.XSHG,False
603505.XSHG,False
603506.XSHG,False
603507.XSHG,False
603508.XSHG,False
603515.XSHG,False
603516.XSHG,False
603517.XSHG,False
603518.XSHG,False
603519.XSHG,False
603520.XSHG,False
603527.XSHG,False
603528.XSHG,False
603530.XSHG,False
603533.XSHG,False
603535.XSHG,False
603536.XSHG,False
603538.XSHG,False
603551.XSHG,False
603555.XSHG,False
603556.XSHG,False
603557.XSHG,False
603558.XSHG,False
603559.XSHG,False
603565.XSHG,False
603566.XSHG,False
603567.XSHG,False
603568.XSHG,False
603569.XSHG,False
603577.XSHG,False
603578.XSHG,False
603579.XSHG,False
603580.XSHG,False
603583.XSHG,False
603585.XSHG,False
603586.XSHG,False
603587.XSHG,False
603588.XSHG,False
603589.XSHG,False
603590.XSHG,False
603595.XSHG,False
603596.XSHG,False
603598.XSHG,False
603599.XSHG,False
603600.XSHG,False
603601.XSHG,False
603602.XSHG,False
603603.XSHG,False
603605.XSHG,False
603606.XSHG,False
603607.XSHG,False
603608.XSHG,False
603609.XSHG,False
603610.XSHG,False
603611.XSHG,False
603612.XSHG,False
603613.XSHG,False
603615.XSHG,False
603616.XSHG,False
603617.XSHG,False
603618.XSHG,False
603619.XSHG,False
603626.XSHG,False
603628.XSHG,False
603629.XSHG,False
603630.XSHG,False
603633.XSHG,False
603636.XSHG,False
603637.XSHG,False
603638.XSHG,False
603639.XSHG,False
603648.XSHG,False
603650.XSHG,False
603655.XSHG,False
603656.XSHG,False
603657.XSHG,False
603658.XSHG,False
603659.XSHG,False
603660.XSHG,False
603661.XSHG,False
603662.XSHG,False
603663.XSHG,False
603665.XSHG,False
603666.XSHG,False
603667.XSHG,False
603668.XSHG,False
603669.XSHG,False
603676.XSHG,False
603677.XSHG,False
603678.XSHG,False
603679.XSHG,False
603680.XSHG,False
603681.XSHG,False
603682.XSHG,False
603683.XSHG,False
603685.XSHG,False
603686.XSHG,False
603687.XSHG,False
603688.XSHG,False
603689.XSHG,False
603690.XSHG,False
603693.XSHG,False
603696.XSHG,False
603697.XSHG,False
603698.XSHG,False
603699.XSHG,False
603700.XSHG,False
603701.XSHG,False
603703.XSHG,False
603706.XSHG,False
603707.XSHG,False
603708.XSHG,False
603709.XSHG,False
603711.XSHG,False
603712.XSHG,False
603713.XSHG,False
603716.XSHG,False
603717.XSHG,False
603718.XSHG,False
603719.XSHG,False
603721.XSHG,False
603722.XSHG,False
603725.XSHG,False
603726.XSHG,False
603727.XSHG,False
603728.XSHG,False
603729.XSHG,False
603730.XSHG,False
603733.XSHG,False
603737.XSHG,False
603738.XSHG,False
603739.XSHG,False
603755.XSHG,False
603757.XSHG,False
603758.XSHG,False
603766.XSHG,False
603767.XSHG,False
603768.XSHG,False
603773.XSHG,False
603776.XSHG,False
603777.XSHG,False
603778.XSHG,False
603779.XSHG,False
603786.XSHG,False
603787.XSHG,False
603788.XSHG,False
603789.XSHG,False
603790.XSHG,False
603797.XSHG,False
603798.XSHG,False
603799.XSHG,False
603800.XSHG,False
603801.XSHG,False
603803.XSHG,False
603806.XSHG,False
603808.XSHG,False
603809.XSHG,False
603810.XSHG,False
603811.XSHG,False
603813.XSHG,False
603815.XSHG,False
603816.XSHG,False
603817.XSHG,False
603818.XSHG,False
603819.XSHG,False
603822.XSHG,False
603823.XSHG,False
603825.XSHG,False
603826.XSHG,False
603828.XSHG,False
603829.XSHG,False
603833.XSHG,False
603838.XSHG,False
603839.XSHG,False
603843.XSHG,False
603848.XSHG,False
603855.XSHG,False
603856.XSHG,False
603858.XSHG,False
603859.XSHG,False
603860.XSHG,False
603861.XSHG,False
603863.XSHG,False
603866.XSHG,False
603867.XSHG,False
603868.XSHG,False
603869.XSHG,False
603871.XSHG,False
603876.XSHG,False
603877.XSHG,False
603878.XSHG,False
603879.XSHG,False
603880.XSHG,False
603881.XSHG,False
603882.XSHG,False
603883.XSHG,False
603885.XSHG,False
603886.XSHG,False
603887.XSHG,False
603888.XSHG,False
603889.XSHG,False
603890.XSHG,False
603893.XSHG,False
603895.XSHG,False
603896.XSHG,False
603897.XSHG,False
603898.XSHG,False
603899.XSHG,False
603900.XSHG,False
603901.XSHG,False
603903.XSHG,False
603906.XSHG,False
603908.XSHG,False
603909.XSHG,False
603912.XSHG,False
603915.XSHG,False
603916.XSHG,False
603917.XSHG,False
603918.XSHG,False
603919.XSHG,False
603920.XSHG,False
603922.XSHG,False
603926.XSHG,False
603927.XSHG,False
603928.XSHG,False
603929.XSHG,False
603931.XSHG,False
603933.XSHG,False
603936.XSHG,False
603937.XSHG,False
603938.XSHG,False
603939.XSHG,False
603948.XSHG,False
603949.XSHG,False
603950.XSHG,False
603955.XSHG,False
603956.XSHG,False
603958.XSHG,False
603959.XSHG,False
603960.XSHG,False
603963.XSHG,False
603966.XSHG,False
603967.XSHG,False
603968.XSHG,False
603969.XSHG,False
603970.XSHG,False
603976.XSHG,False
603977.XSHG,False
603978.XSHG,False
603979.XSHG,False
603980.XSHG,False
603982.XSHG,False
603983.XSHG,False
603985.XSHG,False
603986.XSHG,False
603987.XSHG,False
603988.XSHG,False
603989.XSHG,False
603990.XSHG,False
603991.XSHG,False
603992.XSHG,False
603993.XSHG,False
603995.XSHG,False
603996.XSHG,False
603997.XSHG,False
603998.XSHG,False
603999.XSHG,False
605001.XSHG,False
605003.XSHG,False
605006.XSHG,False
605008.XSHG,False
605009.XSHG,False
605018.XSHG,False
605050.XSHG,False
605058.XSHG,False
605066.XSHG,False
605088.XSHG,False
605099.XSHG,False
605100.XSHG,False
605108.XSHG,False
605111.XSHG,False
605116.XSHG,False
605118.XSHG,False
605123.XSHG,False
605128.XSHG,False
605136.XSHG,False
605158.XSHG,False
605166.XSHG,False
605168.XSHG,False
605178.XSHG,False
605188.XSHG,False
605198.XSHG,False
605199.XSHG,False
605218.XSHG,False
605222.XSHG,False
605255.XSHG,False
605288.XSHG,False
605318.XSHG,False
605333.XSHG,False
605336.XSHG,False
605338.XSHG,False
605358.XSHG,False
605366.XSHG,False
605369.XSHG,False
605388.XSHG,False
605399.XSHG,False
688001.XSHG,False
688002.XSHG,False
688003.XSHG,False
688004.XSHG,False
688005.XSHG,False
688006.XSHG,False
688007.XSHG,False
688008.XSHG,False
688009.XSHG,False
688010.XSHG,False
688011.XSHG,False
688012.XSHG,False
688013.XSHG,False
688015.XSHG,False
688016.XSHG,False
688017.XSHG,False
688018.XSHG,False
688019.XSHG,False
688020.XSHG,False
688021.XSHG,False
688022.XSHG,False
688023.XSHG,False
688025.XSHG,False
688026.XSHG,False
688027.XSHG,False
688028.XSHG,False
688029.XSHG,False
688030.XSHG,False
688033.XSHG,False
688036.XSHG,False
688037.XSHG,False
688039.XSHG,False
688050.XSHG,False
688051.XSHG,False
688055.XSHG,False
688056.XSHG,False
688058.XSHG,False
688060.XSHG,False
688065.XSHG,False
688066.XSHG,False
688068.XSHG,False
688069.XSHG,False
688077.XSHG,False
688078.XSHG,False
688080.XSHG,False
688081.XSHG,False
688085.XSHG,False
688086.XSHG,False
688088.XSHG,False
688089.XSHG,False
688090.XSHG,False
688093.XSHG,False
688095.XSHG,False
688096.XSHG,False
688098.XSHG,False
688099.XSHG,False
688100.XSHG,False
688101.XSHG,False
688106.XSHG,False
688108.XSHG,False
688111.XSHG,False
688116.XSHG,False
688118.XSHG,False
688122.XSHG,False
688123.XSHG,False
688126.XSHG,False
688127.XSHG,False
688128.XSHG,False
688138.XSHG,False
688139.XSHG,False
688155.XSHG,False
688156.XSHG,False
688157.XSHG,False
688158.XSHG,False
688159.XSHG,False
688165.XSHG,False
688166.XSHG,False
688168.XSHG,False
688169.XSHG,False
688177.XSHG,False
688178.XSHG,False
688180.XSHG,False
688181.XSHG,False
688185.XSHG,False
688186.XSHG,False
688188.XSHG,False
688189.XSHG,False
688196.XSHG,False
688198.XSHG,False
688199.XSHG,False
688200.XSHG,False
688202.XSHG,False
688208.XSHG,False
688215.XSHG,False
688218.XSHG,False
688222.XSHG,False
688228.XSHG,False
688229.XSHG,False
688233.XSHG,False
688256.XSHG,False
688258.XSHG,False
688266.XSHG,False
688268.XSHG,False
688277.XSHG,False
688278.XSHG,False
688286.XSHG,False
688288.XSHG,False
688289.XSHG,False
688298.XSHG,False
688299.XSHG,False
688300.XSHG,False
688301.XSHG,False
688309.XSHG,False
688310.XSHG,False
688311.XSHG,False
688312.XSHG,False
688313.XSHG,False
688318.XSHG,False
688321.XSHG,False
688330.XSHG,False
688333.XSHG,False
688335.XSHG,False
688336.XSHG,False
688338.XSHG,False
688339.XSHG,False
688356.XSHG,False
688357.XSHG,False
688358.XSHG,False
688360.XSHG,False
688363.XSHG,False
688365.XSHG,False
688366.XSHG,False
688368.XSHG,False
688369.XSHG,False
688377.XSHG,False
688378.XSHG,False
688379.XSHG,False
688386.XSHG,False
688388.XSHG,False
688389.XSHG,False
688390.XSHG,False
688393.XSHG,False
688396.XSHG,False
688398.XSHG,False
688399.XSHG,False
688408.XSHG,False
688418.XSHG,False
688466.XSHG,False
688488.XSHG,False
688500.XSHG,False
688505.XSHG,False
688508.XSHG,False
688513.XSHG,False
688516.XSHG,False
688518.XSHG,False
688519.XSHG,False
688520.XSHG,False
688521.XSHG,False
688526.XSHG,False
688528.XSHG,False
688536.XSHG,False
688550.XSHG,False
688551.XSHG,False
688555.XSHG,False
688556.XSHG,False
688558.XSHG,False
688559.XSHG,False
688561.XSHG,False
688566.XSHG,False
688567.XSHG,False
688568.XSHG,False
688569.XSHG,False
688577.XSHG,False
688579.XSHG,False
688580.XSHG,False
688585.XSHG,False
688586.XSHG,False
688588.XSHG,False
688589.XSHG,False
688595.XSHG,False
688596.XSHG,False
688598.XSHG,False
688599.XSHG,False
688600.XSHG,False
688788.XSHG,False
688981.XSHG,False
